id,version,time,time_str
2.1370289634807556,56565249,2024-06-03 23:03:33.074721+00:00,1717455813074.726
